{"cameraMode":{"drawMode":0,"name":"Shaded","section":"Shading Mode"},"sceneLighting":false,"audioPlay":false,"sceneViewState":{"showFog":true,"showMaterialUpdate":false,"showSkybox":false,"showFlares":true,"showImageEffects":true,"showParticleSystems":true},"in2DMode":false,"pivot":{"x":53.13353729248047,"y":4.992238521575928,"z":57.906070709228519},"rotation":{"x":0.10483039915561676,"y":-0.7943400144577026,"z":0.1433040052652359,"w":0.5809689164161682},"size":0.04330308735370636,"orthographic":false}