{"cameraMode":{"drawMode":0,"name":"Shaded","section":"Shading Mode"},"sceneLighting":false,"audioPlay":false,"sceneViewState":{"showFog":true,"showMaterialUpdate":false,"showSkybox":false,"showFlares":true,"showImageEffects":true,"showParticleSystems":true},"in2DMode":false,"pivot":{"x":50.19150161743164,"y":8.528762817382813,"z":50.53345489501953},"rotation":{"x":-0.02950514480471611,"y":-0.964354395866394,"z":0.23292922973632813,"w":-0.12217462807893753},"size":0.17558133602142335,"orthographic":false}