{"cameraMode":{"drawMode":0,"name":"Shaded","section":"Shading Mode"},"sceneLighting":false,"audioPlay":false,"sceneViewState":{"showFog":true,"showMaterialUpdate":false,"showSkybox":false,"showFlares":true,"showImageEffects":true,"showParticleSystems":true},"in2DMode":false,"pivot":{"x":-0.06879289448261261,"y":3.4757630825042726,"z":0.36076703667640688},"rotation":{"x":7.421843974952935e-7,"y":-0.06355222314596176,"z":-0.000004122615337109892,"w":-0.9980022311210632},"size":2.551499843597412,"orthographic":false}