{"cameraMode":{"drawMode":0,"name":"Shaded","section":"Shading Mode"},"sceneLighting":false,"audioPlay":false,"sceneViewState":{"showFog":true,"showMaterialUpdate":false,"showSkybox":false,"showFlares":true,"showImageEffects":true,"showParticleSystems":true},"in2DMode":false,"pivot":{"x":14.279999732971192,"y":8.906999588012696,"z":19.344999313354493},"rotation":{"x":0.1075243204832077,"y":-0.47798115015029909,"z":0.059085946530103686,"w":0.8697633743286133},"size":0.17320574820041657,"orthographic":false}