{"cameraMode":{"drawMode":0,"name":"Shaded","section":"Shading Mode"},"sceneLighting":false,"audioPlay":false,"sceneViewState":{"showFog":true,"showMaterialUpdate":false,"showSkybox":false,"showFlares":true,"showImageEffects":true,"showParticleSystems":true},"in2DMode":false,"pivot":{"x":51.10795593261719,"y":8.558155059814454,"z":50.25360107421875},"rotation":{"x":0.03753754869103432,"y":-0.7903327345848084,"z":-0.048668596893548968,"w":-0.6096134781837463},"size":0.7244187593460083,"orthographic":false}